fname,label,length
cat(1).wav,cat,1.5
cat(10).wav,cat,1.56
cat(100).wav,cat,2.01
cat(101).wav,cat,2
cat(102).wav,cat,1.29
cat(103).wav,cat,1.97
cat(104).wav,cat,1.79
cat(105).wav,cat,2.35
cat(106).wav,cat,2
cat(107).wav,cat,1.45
cat(108).wav,cat,1.22
cat(109).wav,cat,1.39
cat(11).wav,cat,2.14
cat(110).wav,cat,1.44
cat(111).wav,cat,1.49
cat(112).wav,cat,1.44
cat(113).wav,cat,1.32
cat(114).wav,cat,1.39
cat(115).wav,cat,1.51
cat(116).wav,cat,1.11
cat(117).wav,cat,1.38
cat(118).wav,cat,1.36
cat(119).wav,cat,1.4
cat(12).wav,cat,1.9
cat(120).wav,cat,1.5
cat(121).wav,cat,1.36
cat(122).wav,cat,1.5
cat(123).wav,cat,1.77
cat(124).wav,cat,1.7
cat(125).wav,cat,1.65
cat(126).wav,cat,1.51
cat(127).wav,cat,1.52
cat(128).wav,cat,1.52
cat(129).wav,cat,1.43
cat(13).wav,cat,1.83
cat(130).wav,cat,1.42
cat(131).wav,cat,2.06
cat(132).wav,cat,1.76
cat(133).wav,cat,1.99
cat(134).wav,cat,1.9
cat(135).wav,cat,1.6
cat(136).wav,cat,1.6
cat(137).wav,cat,1.4
cat(138).wav,cat,1.55
cat(139).wav,cat,1.81
cat(14).wav,cat,1.8
cat(140).wav,cat,1.66
cat(141).wav,cat,1.72
cat(142).wav,cat,1.42
cat(143).wav,cat,1.36
cat(144).wav,cat,1.29
cat(145).wav,cat,1.35
cat(146).wav,cat,1.65
cat(147).wav,cat,1.92
cat(148).wav,cat,1.87
cat(149).wav,cat,1.47
cat(15).wav,cat,1.74
cat(150).wav,cat,1.57
cat(151).wav,cat,1.48
cat(152).wav,cat,1.68
cat(153).wav,cat,1.75
cat(154).wav,cat,1.65
cat(155).wav,cat,1.7
cat(156).wav,cat,1.7
cat(157).wav,cat,1.68
cat(158).wav,cat,1.68
cat(159).wav,cat,1.58
cat(16).wav,cat,1.82
cat(160).wav,cat,1.64
cat(161).wav,cat,1.62
cat(162).wav,cat,1.8
cat(163).wav,cat,1.36
cat(164).wav,cat,1.62
cat(165).wav,cat,1.52
cat(166).wav,cat,1.5
cat(167).wav,cat,1.69
cat(168).wav,cat,2.07
cat(169).wav,cat,1.76
cat(17).wav,cat,1.55
cat(170).wav,cat,1.88
cat(171).wav,cat,2.21
cat(172).wav,cat,1.88
cat(173).wav,cat,1.83
cat(174).wav,cat,1.45
cat(175).wav,cat,1.42
cat(176).wav,cat,1.65
cat(177).wav,cat,1.54
cat(178).wav,cat,1.78
cat(179).wav,cat,1.91
cat(18).wav,cat,1.59
cat(180).wav,cat,1.5
cat(181).wav,cat,1.6
cat(182).wav,cat,2.07
cat(183).wav,cat,1.95
cat(184).wav,cat,2.15
cat(185).wav,cat,2.09
cat(186).wav,cat,2.09
cat(187).wav,cat,2.3
cat(188).wav,cat,1.95
cat(189).wav,cat,2.19
cat(19).wav,cat,1.82
cat(190).wav,cat,2.29
cat(191).wav,cat,2.04
cat(192).wav,cat,1.98
cat(193).wav,cat,1.71
cat(194).wav,cat,1.31
cat(195).wav,cat,1.38
cat(196).wav,cat,1.3
cat(197).wav,cat,1.25
cat(198).wav,cat,1.09
cat(199).wav,cat,1.43
cat(2).wav,cat,1.76
cat(20).wav,cat,1.87
cat(200).wav,cat,2.05
cat(201).wav,cat,2.45
cat(202).wav,cat,2.62
cat(203).wav,cat,2
cat(204).wav,cat,1.85
cat(205).wav,cat,1.59
cat(206).wav,cat,1.53
cat(207).wav,cat,1.39
cat(208).wav,cat,1.27
cat(209).wav,cat,1.22
cat(21).wav,cat,1.71
cat(210).wav,cat,1.82
cat(211).wav,cat,2.06
cat(212).wav,cat,1.98
cat(213).wav,cat,1.95
cat(214).wav,cat,1.69
cat(215).wav,cat,1.64
cat(216).wav,cat,1.8
cat(217).wav,cat,1.59
cat(218).wav,cat,1.66
cat(219).wav,cat,1.75
cat(22).wav,cat,1.87
cat(220).wav,cat,1.65
cat(221).wav,cat,1.95
cat(222).wav,cat,2.08
cat(223).wav,cat,2.07
cat(224).wav,cat,2.02
cat(225).wav,cat,1.92
cat(226).wav,cat,2.1
cat(227).wav,cat,1.91
cat(228).wav,cat,1.97
cat(229).wav,cat,1.99
cat(23).wav,cat,1.84
cat(230).wav,cat,1.93
cat(231).wav,cat,1.89
cat(232).wav,cat,2.04
cat(233).wav,cat,1.94
cat(234).wav,cat,1.89
cat(235).wav,cat,1.77
cat(236).wav,cat,1.82
cat(237).wav,cat,2
cat(238).wav,cat,2.93
cat(239).wav,cat,1.9
cat(24).wav,cat,1.83
cat(240).wav,cat,2.44
cat(241).wav,cat,1.97
cat(242).wav,cat,1.91
cat(243).wav,cat,2.01
cat(244).wav,cat,2.09
cat(245).wav,cat,2.24
cat(246).wav,cat,1.9
cat(247).wav,cat,1.87
cat(248).wav,cat,1.94
cat(249).wav,cat,1.94
cat(25).wav,cat,1.9
cat(250).wav,cat,1.95
cat(251).wav,cat,2.4
cat(252).wav,cat,1.78
cat(253).wav,cat,1.96
cat(254).wav,cat,1.94
cat(255).wav,cat,2.01
cat(256).wav,cat,1.69
cat(257).wav,cat,1.79
cat(258).wav,cat,1.89
cat(259).wav,cat,2.03
cat(26).wav,cat,1.79
cat(260).wav,cat,2.03
cat(261).wav,cat,1.65
cat(262).wav,cat,1.58
cat(263).wav,cat,1.59
cat(264).wav,cat,1.71
cat(265).wav,cat,1.71
cat(266).wav,cat,1.46
cat(267).wav,cat,1.39
cat(268).wav,cat,1.63
cat(269).wav,cat,1.5
cat(27).wav,cat,1.83
cat(270).wav,cat,1.63
cat(271).wav,cat,1.52
cat(272).wav,cat,1.66
cat(273).wav,cat,1.83
cat(274).wav,cat,1.82
cat(275).wav,cat,1.78
cat(276).wav,cat,1.8
cat(277).wav,cat,2.3
cat(278).wav,cat,1.86
cat(279).wav,cat,1.82
cat(28).wav,cat,1.86
cat(280).wav,cat,1.77
cat(281).wav,cat,1.85
cat(282).wav,cat,1.81
cat(283).wav,cat,1.74
cat(284).wav,cat,1.71
cat(285).wav,cat,1.9
cat(286).wav,cat,1.76
cat(287).wav,cat,1.83
cat(288).wav,cat,1.82
cat(289).wav,cat,1.8
cat(29).wav,cat,1.66
cat(290).wav,cat,1.69
cat(291).wav,cat,1.76
cat(292).wav,cat,2.03
cat(293).wav,cat,1.97
cat(294).wav,cat,2.09
cat(295).wav,cat,1.9
cat(296).wav,cat,1.92
cat(297).wav,cat,1.81
cat(298).wav,cat,2.04
cat(299).wav,cat,2.01
cat(3).wav,cat,4
cat(30).wav,cat,1.76
cat(300).wav,cat,2.03
cat(301).wav,cat,1.92
cat(302).wav,cat,1.92
cat(303).wav,cat,1.86
cat(304).wav,cat,1.8
cat(305).wav,cat,2.01
cat(306).wav,cat,2.11
cat(307).wav,cat,1.8
cat(308).wav,cat,2.07
cat(309).wav,cat,2.08
cat(31).wav,cat,2.05
cat(310).wav,cat,2.15
cat(311).wav,cat,1.83
cat(312).wav,cat,1.82
cat(313).wav,cat,1.81
cat(314).wav,cat,1.87
cat(315).wav,cat,1.68
cat(316).wav,cat,1.61
cat(317).wav,cat,1.52
cat(318).wav,cat,1.71
cat(319).wav,cat,1.94
cat(32).wav,cat,1.83
cat(320).wav,cat,1.7
cat(321).wav,cat,1.87
cat(322).wav,cat,1.65
cat(323).wav,cat,1.68
cat(324).wav,cat,1.55
cat(325).wav,cat,1.67
cat(326).wav,cat,1.77
cat(327).wav,cat,1.66
cat(328).wav,cat,1.93
cat(329).wav,cat,1.79
cat(33).wav,cat,1.37
cat(330).wav,cat,2.09
cat(331).wav,cat,1.56
cat(332).wav,cat,1.78
cat(333).wav,cat,1.76
cat(334).wav,cat,1.76
cat(335).wav,cat,1.73
cat(336).wav,cat,1.71
cat(337).wav,cat,1.7
cat(338).wav,cat,1.73
cat(339).wav,cat,1.79
cat(34).wav,cat,2.09
cat(340).wav,cat,1.81
cat(341).wav,cat,1.7
cat(342).wav,cat,1.7
cat(343).wav,cat,1.81
cat(344).wav,cat,2.01
cat(345).wav,cat,1.82
cat(346).wav,cat,1.8
cat(347).wav,cat,2.32
cat(348).wav,cat,1.94
cat(349).wav,cat,2.67
cat(35).wav,cat,1.74
cat(350).wav,cat,1.82
cat(351).wav,cat,1.86
cat(352).wav,cat,1.76
cat(353).wav,cat,2.22
cat(354).wav,cat,2.08
cat(355).wav,cat,1.94
cat(356).wav,cat,2.15
cat(357).wav,cat,1.74
cat(358).wav,cat,1.77
cat(359).wav,cat,1.55
cat(36).wav,cat,1.84
cat(360).wav,cat,1.56
cat(361).wav,cat,1.61
cat(362).wav,cat,1.66
cat(363).wav,cat,1.53
cat(364).wav,cat,1.64
cat(365).wav,cat,1.81
cat(366).wav,cat,1.72
cat(367).wav,cat,2.22
cat(368).wav,cat,1.9
cat(369).wav,cat,2.35
cat(37).wav,cat,1.89
cat(370).wav,cat,2.19
cat(371).wav,cat,2.6
cat(372).wav,cat,2.16
cat(373).wav,cat,1.63
cat(374).wav,cat,1.98
cat(375).wav,cat,1.87
cat(376).wav,cat,1.94
cat(377).wav,cat,2.01
cat(378).wav,cat,2.04
cat(379).wav,cat,2.14
cat(38).wav,cat,1.68
cat(380).wav,cat,1.99
cat(381).wav,cat,1.82
cat(382).wav,cat,1.74
cat(383).wav,cat,1.72
cat(384).wav,cat,1.8
cat(385).wav,cat,2.34
cat(386).wav,cat,2.26
cat(387).wav,cat,2.33
cat(388).wav,cat,2.03
cat(389).wav,cat,2.69
cat(39).wav,cat,3.42
cat(390).wav,cat,2.06
cat(391).wav,cat,2.15
cat(392).wav,cat,2.1
cat(393).wav,cat,2.33
cat(394).wav,cat,2.38
cat(395).wav,cat,2.54
cat(396).wav,cat,2.42
cat(397).wav,cat,2.48
cat(398).wav,cat,2.7
cat(399).wav,cat,2.72
cat(4).wav,cat,1.3
cat(40).wav,cat,1.8
cat(400).wav,cat,1.26
cat(401).wav,cat,1.75
cat(402).wav,cat,1.63
cat(403).wav,cat,2.16
cat(404).wav,cat,1.92
cat(405).wav,cat,1.8
cat(406).wav,cat,1.86
cat(407).wav,cat,2.15
cat(408).wav,cat,2.08
cat(409).wav,cat,1.99
cat(41).wav,cat,2.38
cat(410).wav,cat,2.04
cat(411).wav,cat,1.91
cat(412).wav,cat,1.68
cat(413).wav,cat,1.84
cat(414).wav,cat,1.76
cat(415).wav,cat,1.92
cat(416).wav,cat,1.63
cat(417).wav,cat,1.89
cat(418).wav,cat,2.12
cat(419).wav,cat,2.08
cat(42).wav,cat,1.64
cat(420).wav,cat,1.86
cat(421).wav,cat,2.28
cat(422).wav,cat,1.42
cat(423).wav,cat,1.8
cat(424).wav,cat,1.74
cat(425).wav,cat,1.27
cat(426).wav,cat,11.2
cat(427).wav,cat,12
cat(428).wav,cat,11.7
cat(429).wav,cat,1.61
cat(43).wav,cat,1.31
cat(430).wav,cat,12
cat(431).wav,cat,11.5
cat(432).wav,cat,11.9
cat(433).wav,cat,1.49
cat(434).wav,cat,0.98
cat(435).wav,cat,9.39
cat(436).wav,cat,12
cat(437).wav,cat,11.2
cat(438).wav,cat,11
cat(439).wav,cat,11.62
cat(44).wav,cat,1.88
cat(440).wav,cat,2.95
cat(441).wav,cat,7.01
cat(442).wav,cat,1.53
cat(443).wav,cat,1.31
cat(444).wav,cat,1.27
cat(445).wav,cat,1.76
cat(446).wav,cat,11.8
cat(447).wav,cat,10.3
cat(448).wav,cat,10.5
cat(449).wav,cat,3.19
cat(45).wav,cat,1.75
cat(450).wav,cat,11.7
cat(451).wav,cat,4.7
cat(452).wav,cat,2.4
cat(453).wav,cat,12
cat(454).wav,cat,12
cat(455).wav,cat,12
cat(456).wav,cat,13.17
cat(457).wav,cat,2.53
cat(458).wav,cat,4.19
cat(459).wav,cat,8.75
cat(46).wav,cat,2.07
cat(460).wav,cat,11
cat(461).wav,cat,12
cat(462).wav,cat,12
cat(463).wav,cat,6.43
cat(464).wav,cat,10.8
cat(465).wav,cat,12
cat(466).wav,cat,10.9
cat(467).wav,cat,12
cat(468).wav,cat,12
cat(469).wav,cat,12
cat(47).wav,cat,1.84
cat(470).wav,cat,17.34
cat(471).wav,cat,11.6
cat(472).wav,cat,12
cat(473).wav,cat,11.8
cat(474).wav,cat,12
cat(475).wav,cat,11.9
cat(476).wav,cat,12
cat(477).wav,cat,2.56
cat(478).wav,cat,1.18
cat(479).wav,cat,1.08
cat(48).wav,cat,1.17
cat(480).wav,cat,0.92
cat(481).wav,cat,1.15
cat(482).wav,cat,12
cat(483).wav,cat,12
cat(484).wav,cat,12
cat(485).wav,cat,13.56
cat(486).wav,cat,9.7
cat(487).wav,cat,12
cat(488).wav,cat,12
cat(489).wav,cat,11.7
cat(49).wav,cat,1.11
cat(490).wav,cat,9.5
cat(491).wav,cat,2.85
cat(492).wav,cat,0.98
cat(493).wav,cat,2.36
cat(494).wav,cat,17.69
cat(495).wav,cat,1.31
cat(496).wav,cat,8.49
cat(497).wav,cat,11.9
cat(498).wav,cat,12
cat(499).wav,cat,6.2
cat(5).wav,cat,1.6
cat(50).wav,cat,1.42
cat(500).wav,cat,3.15
cat(501).wav,cat,1.94
cat(502).wav,cat,3.04
cat(503).wav,cat,15
cat(504).wav,cat,13.39
cat(505).wav,cat,11.9
cat(506).wav,cat,12
cat(507).wav,cat,12
cat(508).wav,cat,1.99
cat(509).wav,cat,9.12
cat(51).wav,cat,1.49
cat(510).wav,cat,1.09
cat(511).wav,cat,1.77
cat(512).wav,cat,9.7
cat(513).wav,cat,11.7
cat(514).wav,cat,10.8
cat(515).wav,cat,12.22
cat(516).wav,cat,1.17
cat(517).wav,cat,1.12
cat(518).wav,cat,1.8
cat(519).wav,cat,11.9
cat(52).wav,cat,1.89
cat(520).wav,cat,12
cat(521).wav,cat,12
cat(522).wav,cat,11.5
cat(523).wav,cat,12
cat(524).wav,cat,12
cat(525).wav,cat,1.29
cat(526).wav,cat,11.5
cat(527).wav,cat,11.4
cat(528).wav,cat,12
cat(529).wav,cat,11.9
cat(53).wav,cat,1.39
cat(530).wav,cat,12
cat(531).wav,cat,12
cat(532).wav,cat,1.91
cat(533).wav,cat,5.86
cat(534).wav,cat,1.27
cat(535).wav,cat,17.98
cat(536).wav,cat,4.96
cat(537).wav,cat,8.27
cat(538).wav,cat,14.59
cat(539).wav,cat,11.9
cat(54).wav,cat,1.42
cat(540).wav,cat,11.1
cat(541).wav,cat,8.4
cat(542).wav,cat,4.32
cat(543).wav,cat,2.01
cat(544).wav,cat,4.15
cat(545).wav,cat,5.37
cat(546).wav,cat,6.31
cat(547).wav,cat,1.08
cat(548).wav,cat,7.96
cat(549).wav,cat,12
cat(55).wav,cat,1.77
cat(550).wav,cat,10.5
cat(551).wav,cat,11.4
cat(552).wav,cat,5.57
cat(553).wav,cat,1.25
cat(554).wav,cat,1.58
cat(555).wav,cat,15.19
cat(556).wav,cat,1.38
cat(557).wav,cat,1.25
cat(558).wav,cat,1.2
cat(559).wav,cat,5.9
cat(56).wav,cat,1.74
cat(560).wav,cat,1.04
cat(561).wav,cat,1.24
cat(562).wav,cat,0.94
cat(563).wav,cat,0.94
cat(564).wav,cat,0.94
cat(565).wav,cat,3.96
cat(566).wav,cat,10.11
cat(567).wav,cat,5
cat(568).wav,cat,12
cat(569).wav,cat,12
cat(57).wav,cat,1.74
cat(570).wav,cat,12
cat(571).wav,cat,4.2
cat(572).wav,cat,2.11
cat(573).wav,cat,3.91
cat(574).wav,cat,11.8
cat(575).wav,cat,12
cat(576).wav,cat,10.18
cat(577).wav,cat,1.94
cat(578).wav,cat,2.09
cat(579).wav,cat,6
cat(58).wav,cat,1.68
cat(580).wav,cat,1.56
cat(581).wav,cat,12
cat(582).wav,cat,12
cat(583).wav,cat,11.9
cat(584).wav,cat,12
cat(585).wav,cat,12
cat(586).wav,cat,10.22
cat(587).wav,cat,11.4
cat(588).wav,cat,11.8
cat(589).wav,cat,12
cat(59).wav,cat,1.49
cat(590).wav,cat,1.92
cat(591).wav,cat,1.16
cat(592).wav,cat,1.23
cat(593).wav,cat,1.22
cat(594).wav,cat,1.25
cat(595).wav,cat,1.15
cat(596).wav,cat,1.16
cat(597).wav,cat,1.46
cat(598).wav,cat,1.31
cat(599).wav,cat,1.39
cat(6).wav,cat,3.55
cat(60).wav,cat,1.7
cat(600).wav,cat,1.34
cat(601).wav,cat,1.19
cat(602).wav,cat,1.3
cat(603).wav,cat,1.39
cat(604).wav,cat,2.7
cat(61).wav,cat,1.85
cat(62).wav,cat,1.8
cat(63).wav,cat,2.02
cat(64).wav,cat,1.61
cat(65).wav,cat,1.87
cat(66).wav,cat,1.75
cat(67).wav,cat,1.47
cat(68).wav,cat,1.37
cat(69).wav,cat,1.88
cat(7).wav,cat,1.83
cat(70).wav,cat,2.57
cat(71).wav,cat,1.93
cat(72).wav,cat,2.17
cat(73).wav,cat,2.3
cat(74).wav,cat,1.95
cat(75).wav,cat,2.42
cat(76).wav,cat,3.15
cat(77).wav,cat,2.88
cat(78).wav,cat,2.54
cat(79).wav,cat,1.66
cat(8).wav,cat,2.46
cat(80).wav,cat,1.74
cat(81).wav,cat,1.48
cat(82).wav,cat,3.49
cat(83).wav,cat,1.91
cat(84).wav,cat,2.95
cat(85).wav,cat,1.81
cat(86).wav,cat,1.91
cat(87).wav,cat,1.94
cat(88).wav,cat,2.2
cat(89).wav,cat,1.93
cat(9).wav,cat,1.68
cat(90).wav,cat,2.05
cat(91).wav,cat,1.75
cat(92).wav,cat,1.9
cat(93).wav,cat,1.83
cat(94).wav,cat,1.78
cat(95).wav,cat,1.93
cat(96).wav,cat,1.94
cat(97).wav,cat,1.96
cat(98).wav,cat,2.33
cat(99).wav,cat,1.91
dog(1).wav,dog,6.47
dog(10).wav,dog,1.71
dog(100).wav,dog,4
dog(101).wav,dog,0.35
dog(102).wav,dog,0.46
dog(103).wav,dog,0.38
dog(104).wav,dog,1.22
dog(105).wav,dog,2.77
dog(106).wav,dog,3.69
dog(107).wav,dog,4
dog(108).wav,dog,0.77
dog(109).wav,dog,4
dog(11).wav,dog,6.12
dog(110).wav,dog,4
dog(111).wav,dog,4
dog(112).wav,dog,4
dog(113).wav,dog,4
dog(114).wav,dog,1.14
dog(115).wav,dog,4
dog(116).wav,dog,4
dog(117).wav,dog,4
dog(118).wav,dog,1
dog(119).wav,dog,4
dog(12).wav,dog,36.88
dog(120).wav,dog,4
dog(121).wav,dog,4
dog(122).wav,dog,4
dog(123).wav,dog,4
dog(124).wav,dog,4
dog(125).wav,dog,4
dog(126).wav,dog,4
dog(127).wav,dog,1.41
dog(128).wav,dog,1.18
dog(129).wav,dog,0.13
dog(13).wav,dog,2.24
dog(130).wav,dog,0.12
dog(131).wav,dog,0.19
dog(132).wav,dog,4
dog(133).wav,dog,3.51
dog(134).wav,dog,4
dog(135).wav,dog,4
dog(136).wav,dog,4
dog(137).wav,dog,4
dog(138).wav,dog,4
dog(139).wav,dog,1.29
dog(14).wav,dog,2.61
dog(140).wav,dog,4
dog(141).wav,dog,0.38
dog(142).wav,dog,0.62
dog(143).wav,dog,4
dog(144).wav,dog,4
dog(145).wav,dog,4
dog(146).wav,dog,4
dog(147).wav,dog,4
dog(148).wav,dog,0.38
dog(149).wav,dog,4
dog(15).wav,dog,17.48
dog(150).wav,dog,4
dog(151).wav,dog,4
dog(152).wav,dog,4
dog(153).wav,dog,4
dog(154).wav,dog,4
dog(155).wav,dog,4
dog(156).wav,dog,4
dog(157).wav,dog,4
dog(158).wav,dog,0.75
dog(159).wav,dog,0.96
dog(16).wav,dog,16.37
dog(160).wav,dog,4
dog(161).wav,dog,4
dog(162).wav,dog,4
dog(163).wav,dog,4
dog(164).wav,dog,0.66
dog(165).wav,dog,0.96
dog(166).wav,dog,4
dog(167).wav,dog,4
dog(168).wav,dog,4
dog(169).wav,dog,4
dog(17).wav,dog,19.48
dog(170).wav,dog,4
dog(171).wav,dog,4
dog(172).wav,dog,4
dog(173).wav,dog,4
dog(174).wav,dog,4
dog(175).wav,dog,5
dog(176).wav,dog,5
dog(177).wav,dog,5
dog(178).wav,dog,5
dog(179).wav,dog,5
dog(18).wav,dog,0.6
dog(180).wav,dog,5
dog(181).wav,dog,4
dog(182).wav,dog,4
dog(183).wav,dog,4
dog(184).wav,dog,2.08
dog(185).wav,dog,2.29
dog(186).wav,dog,2.93
dog(187).wav,dog,4
dog(188).wav,dog,0.55
dog(189).wav,dog,4
dog(19).wav,dog,5.27
dog(190).wav,dog,4
dog(191).wav,dog,4
dog(192).wav,dog,4
dog(193).wav,dog,1.04
dog(194).wav,dog,2.86
dog(195).wav,dog,4
dog(196).wav,dog,0.95
dog(197).wav,dog,0.6
dog(198).wav,dog,0.69
dog(199).wav,dog,1.43
dog(2).wav,dog,4.33
dog(20).wav,dog,17.44
dog(200).wav,dog,0.83
dog(201).wav,dog,1.16
dog(202).wav,dog,1.16
dog(203).wav,dog,0.61
dog(204).wav,dog,1.52
dog(205).wav,dog,0.58
dog(206).wav,dog,0.74
dog(207).wav,dog,1.05
dog(208).wav,dog,1.11
dog(209).wav,dog,0.71
dog(21).wav,dog,12.18
dog(210).wav,dog,0.61
dog(211).wav,dog,0.63
dog(212).wav,dog,0.5
dog(213).wav,dog,0.55
dog(214).wav,dog,0.6
dog(215).wav,dog,0.48
dog(216).wav,dog,0.25
dog(217).wav,dog,4
dog(218).wav,dog,4
dog(219).wav,dog,4
dog(22).wav,dog,8.87
dog(220).wav,dog,4
dog(221).wav,dog,4
dog(222).wav,dog,4
dog(223).wav,dog,4
dog(224).wav,dog,5
dog(225).wav,dog,5
dog(226).wav,dog,5
dog(227).wav,dog,4
dog(228).wav,dog,4
dog(229).wav,dog,4
dog(23).wav,dog,0.63
dog(230).wav,dog,4
dog(231).wav,dog,4
dog(232).wav,dog,4
dog(233).wav,dog,4
dog(234).wav,dog,4
dog(235).wav,dog,4
dog(236).wav,dog,4
dog(237).wav,dog,1.03
dog(238).wav,dog,4
dog(239).wav,dog,4
dog(24).wav,dog,21.77
dog(240).wav,dog,1.99
dog(241).wav,dog,1.64
dog(242).wav,dog,2.28
dog(243).wav,dog,0.7
dog(244).wav,dog,1.26
dog(245).wav,dog,0.94
dog(246).wav,dog,1.68
dog(247).wav,dog,2.6
dog(248).wav,dog,4
dog(249).wav,dog,4
dog(25).wav,dog,6.75
dog(250).wav,dog,4
dog(251).wav,dog,0.79
dog(252).wav,dog,0.81
dog(253).wav,dog,3.01
dog(254).wav,dog,0.95
dog(255).wav,dog,1.41
dog(256).wav,dog,2.21
dog(257).wav,dog,1.61
dog(258).wav,dog,2.8
dog(259).wav,dog,0.58
dog(26).wav,dog,14.15
dog(260).wav,dog,4
dog(261).wav,dog,1.47
dog(262).wav,dog,2.64
dog(263).wav,dog,4
dog(264).wav,dog,4
dog(265).wav,dog,3.66
dog(266).wav,dog,5
dog(267).wav,dog,5
dog(268).wav,dog,5
dog(269).wav,dog,5
dog(27).wav,dog,8.26
dog(270).wav,dog,1.01
dog(271).wav,dog,0.18
dog(272).wav,dog,0.51
dog(273).wav,dog,0.61
dog(274).wav,dog,0.39
dog(275).wav,dog,1.29
dog(276).wav,dog,1.09
dog(277).wav,dog,1.84
dog(278).wav,dog,0.42
dog(279).wav,dog,1.01
dog(28).wav,dog,1.07
dog(280).wav,dog,0.44
dog(281).wav,dog,1.17
dog(282).wav,dog,0.62
dog(283).wav,dog,0.21
dog(284).wav,dog,0.23
dog(285).wav,dog,0.34
dog(286).wav,dog,0.32
dog(287).wav,dog,0.28
dog(288).wav,dog,0.37
dog(289).wav,dog,0.92
dog(29).wav,dog,13.5
dog(290).wav,dog,0.42
dog(291).wav,dog,0.92
dog(292).wav,dog,5
dog(293).wav,dog,5
dog(294).wav,dog,0.77
dog(295).wav,dog,0.54
dog(296).wav,dog,1
dog(297).wav,dog,4
dog(298).wav,dog,4
dog(299).wav,dog,0.89
dog(3).wav,dog,0.3
dog(30).wav,dog,3.3
dog(300).wav,dog,4
dog(301).wav,dog,4
dog(302).wav,dog,4
dog(303).wav,dog,3.51
dog(304).wav,dog,4
dog(305).wav,dog,1.86
dog(306).wav,dog,4
dog(307).wav,dog,4
dog(308).wav,dog,4
dog(309).wav,dog,0.52
dog(31).wav,dog,3.97
dog(310).wav,dog,0.52
dog(311).wav,dog,0.49
dog(312).wav,dog,4
dog(313).wav,dog,4
dog(314).wav,dog,4
dog(315).wav,dog,1.59
dog(316).wav,dog,0.61
dog(317).wav,dog,1.41
dog(318).wav,dog,2.24
dog(319).wav,dog,4
dog(32).wav,dog,2.5
dog(320).wav,dog,4
dog(321).wav,dog,4
dog(322).wav,dog,4
dog(323).wav,dog,4
dog(324).wav,dog,4
dog(325).wav,dog,4
dog(326).wav,dog,4
dog(327).wav,dog,4
dog(328).wav,dog,4
dog(329).wav,dog,4
dog(33).wav,dog,20.95
dog(330).wav,dog,4
dog(331).wav,dog,4
dog(332).wav,dog,0.65
dog(333).wav,dog,4
dog(334).wav,dog,1.41
dog(335).wav,dog,4
dog(336).wav,dog,4
dog(337).wav,dog,4
dog(338).wav,dog,4
dog(339).wav,dog,4
dog(34).wav,dog,1.51
dog(340).wav,dog,4
dog(341).wav,dog,4
dog(342).wav,dog,4
dog(343).wav,dog,4
dog(344).wav,dog,4
dog(345).wav,dog,4
dog(346).wav,dog,4
dog(347).wav,dog,1
dog(348).wav,dog,0.76
dog(349).wav,dog,0.79
dog(35).wav,dog,8.34
dog(350).wav,dog,0.7
dog(351).wav,dog,4
dog(352).wav,dog,2.48
dog(353).wav,dog,4
dog(354).wav,dog,2.5
dog(355).wav,dog,2.28
dog(356).wav,dog,4
dog(357).wav,dog,0.98
dog(358).wav,dog,4
dog(359).wav,dog,1.37
dog(36).wav,dog,3.11
dog(360).wav,dog,4
dog(361).wav,dog,1.91
dog(362).wav,dog,4
dog(363).wav,dog,1.8
dog(364).wav,dog,4
dog(365).wav,dog,4
dog(366).wav,dog,4
dog(367).wav,dog,4
dog(368).wav,dog,4
dog(369).wav,dog,0.43
dog(37).wav,dog,15.14
dog(370).wav,dog,0.31
dog(371).wav,dog,0.33
dog(372).wav,dog,0.57
dog(373).wav,dog,0.2
dog(374).wav,dog,0.2
dog(375).wav,dog,0.44
dog(376).wav,dog,0.15
dog(377).wav,dog,0.11
dog(378).wav,dog,0.17
dog(379).wav,dog,0.84
dog(38).wav,dog,8.93
dog(380).wav,dog,0.23
dog(381).wav,dog,0.22
dog(382).wav,dog,0.24
dog(383).wav,dog,0.23
dog(384).wav,dog,0.23
dog(385).wav,dog,0.22
dog(386).wav,dog,0.24
dog(387).wav,dog,0.22
dog(388).wav,dog,0.2
dog(389).wav,dog,0.2
dog(39).wav,dog,2.14
dog(390).wav,dog,0.21
dog(391).wav,dog,0.2
dog(392).wav,dog,0.2
dog(393).wav,dog,0.22
dog(394).wav,dog,0.22
dog(395).wav,dog,0.22
dog(396).wav,dog,0.22
dog(397).wav,dog,0.28
dog(398).wav,dog,0.19
dog(399).wav,dog,0.19
dog(4).wav,dog,2.74
dog(40).wav,dog,16.42
dog(400).wav,dog,0.19
dog(401).wav,dog,0.19
dog(402).wav,dog,0.19
dog(403).wav,dog,0.19
dog(404).wav,dog,0.21
dog(405).wav,dog,0.2
dog(406).wav,dog,0.21
dog(407).wav,dog,0.21
dog(408).wav,dog,0.31
dog(409).wav,dog,0.2
dog(41).wav,dog,8.34
dog(410).wav,dog,0.19
dog(411).wav,dog,0.2
dog(412).wav,dog,0.19
dog(413).wav,dog,0.21
dog(414).wav,dog,0.2
dog(415).wav,dog,0.19
dog(416).wav,dog,0.2
dog(417).wav,dog,0.2
dog(418).wav,dog,0.21
dog(419).wav,dog,0.2
dog(42).wav,dog,7.58
dog(420).wav,dog,0.29
dog(421).wav,dog,0.2
dog(422).wav,dog,0.22
dog(423).wav,dog,0.23
dog(424).wav,dog,0.19
dog(425).wav,dog,0.21
dog(426).wav,dog,0.19
dog(427).wav,dog,0.2
dog(428).wav,dog,0.23
dog(429).wav,dog,0.25
dog(43).wav,dog,13.3
dog(430).wav,dog,0.2
dog(431).wav,dog,0.22
dog(432).wav,dog,0.22
dog(433).wav,dog,0.23
dog(434).wav,dog,0.21
dog(435).wav,dog,0.2
dog(436).wav,dog,0.22
dog(437).wav,dog,0.22
dog(438).wav,dog,0.24
dog(439).wav,dog,0.23
dog(44).wav,dog,14.04
dog(440).wav,dog,0.36
dog(441).wav,dog,0.23
dog(442).wav,dog,0.35
dog(443).wav,dog,0.21
dog(444).wav,dog,0.28
dog(445).wav,dog,0.41
dog(446).wav,dog,0.41
dog(447).wav,dog,0.28
dog(448).wav,dog,0.24
dog(449).wav,dog,0.24
dog(45).wav,dog,3.37
dog(450).wav,dog,0.24
dog(451).wav,dog,0.21
dog(452).wav,dog,0.25
dog(453).wav,dog,0.19
dog(454).wav,dog,0.33
dog(455).wav,dog,0.26
dog(456).wav,dog,0.31
dog(457).wav,dog,0.22
dog(458).wav,dog,0.22
dog(459).wav,dog,0.23
dog(46).wav,dog,3.84
dog(460).wav,dog,0.21
dog(461).wav,dog,0.21
dog(462).wav,dog,0.24
dog(463).wav,dog,0.26
dog(464).wav,dog,0.22
dog(465).wav,dog,0.2
dog(466).wav,dog,0.25
dog(467).wav,dog,0.19
dog(468).wav,dog,0.2
dog(469).wav,dog,0.24
dog(47).wav,dog,5
dog(470).wav,dog,0.2
dog(471).wav,dog,0.19
dog(472).wav,dog,0.2
dog(473).wav,dog,0.29
dog(474).wav,dog,0.2
dog(475).wav,dog,0.19
dog(476).wav,dog,0.23
dog(477).wav,dog,0.21
dog(478).wav,dog,0.2
dog(479).wav,dog,0.22
dog(48).wav,dog,5
dog(480).wav,dog,0.34
dog(481).wav,dog,0.29
dog(482).wav,dog,0.21
dog(483).wav,dog,0.33
dog(484).wav,dog,0.23
dog(485).wav,dog,0.34
dog(486).wav,dog,0.23
dog(487).wav,dog,0.26
dog(488).wav,dog,0.28
dog(489).wav,dog,0.29
dog(49).wav,dog,5
dog(490).wav,dog,0.22
dog(491).wav,dog,0.25
dog(492).wav,dog,0.23
dog(493).wav,dog,0.2
dog(494).wav,dog,0.25
dog(495).wav,dog,0.22
dog(496).wav,dog,0.21
dog(497).wav,dog,0.2
dog(498).wav,dog,0.24
dog(499).wav,dog,0.23
dog(5).wav,dog,3.27
dog(50).wav,dog,5
dog(500).wav,dog,0.25
dog(501).wav,dog,0.27
dog(502).wav,dog,0.2
dog(503).wav,dog,0.33
dog(504).wav,dog,0.24
dog(505).wav,dog,0.27
dog(506).wav,dog,0.34
dog(507).wav,dog,0.24
dog(508).wav,dog,0.34
dog(509).wav,dog,0.25
dog(51).wav,dog,4
dog(510).wav,dog,0.26
dog(511).wav,dog,0.23
dog(512).wav,dog,0.19
dog(513).wav,dog,0.38
dog(514).wav,dog,0.2
dog(515).wav,dog,0.25
dog(516).wav,dog,0.22
dog(517).wav,dog,0.29
dog(518).wav,dog,0.25
dog(519).wav,dog,0.25
dog(52).wav,dog,4
dog(520).wav,dog,0.2
dog(521).wav,dog,0.22
dog(522).wav,dog,0.28
dog(523).wav,dog,0.22
dog(524).wav,dog,0.37
dog(525).wav,dog,0.2
dog(526).wav,dog,0.2
dog(527).wav,dog,0.2
dog(528).wav,dog,0.2
dog(529).wav,dog,0.21
dog(53).wav,dog,4
dog(530).wav,dog,0.22
dog(531).wav,dog,0.21
dog(532).wav,dog,0.2
dog(533).wav,dog,0.2
dog(534).wav,dog,0.23
dog(535).wav,dog,0.19
dog(536).wav,dog,0.22
dog(537).wav,dog,0.24
dog(538).wav,dog,0.22
dog(539).wav,dog,0.22
dog(54).wav,dog,4
dog(540).wav,dog,0.2
dog(541).wav,dog,0.24
dog(542).wav,dog,0.2
dog(543).wav,dog,0.19
dog(544).wav,dog,0.38
dog(545).wav,dog,0.47
dog(546).wav,dog,0.22
dog(547).wav,dog,0.32
dog(548).wav,dog,0.28
dog(549).wav,dog,0.39
dog(55).wav,dog,4
dog(550).wav,dog,0.43
dog(551).wav,dog,0.35
dog(552).wav,dog,0.47
dog(553).wav,dog,0.21
dog(554).wav,dog,0.21
dog(555).wav,dog,0.2
dog(556).wav,dog,0.2
dog(557).wav,dog,0.21
dog(558).wav,dog,0.2
dog(559).wav,dog,0.22
dog(56).wav,dog,4
dog(560).wav,dog,0.25
dog(561).wav,dog,0.23
dog(562).wav,dog,0.22
dog(563).wav,dog,0.21
dog(564).wav,dog,0.2
dog(565).wav,dog,0.2
dog(566).wav,dog,0.24
dog(567).wav,dog,0.2
dog(568).wav,dog,0.25
dog(569).wav,dog,0.21
dog(57).wav,dog,2.53
dog(570).wav,dog,0.2
dog(571).wav,dog,0.27
dog(572).wav,dog,0.21
dog(573).wav,dog,0.34
dog(574).wav,dog,0.24
dog(575).wav,dog,0.22
dog(576).wav,dog,0.23
dog(577).wav,dog,0.27
dog(578).wav,dog,0.24
dog(579).wav,dog,0.23
dog(58).wav,dog,0.97
dog(580).wav,dog,0.4
dog(581).wav,dog,0.2
dog(582).wav,dog,0.29
dog(583).wav,dog,0.31
dog(584).wav,dog,0.27
dog(585).wav,dog,0.27
dog(586).wav,dog,0.29
dog(587).wav,dog,0.25
dog(588).wav,dog,0.21
dog(589).wav,dog,0.21
dog(59).wav,dog,0.45
dog(590).wav,dog,0.2
dog(591).wav,dog,0.24
dog(592).wav,dog,0.23
dog(593).wav,dog,0.23
dog(594).wav,dog,0.2
dog(595).wav,dog,0.29
dog(596).wav,dog,0.4
dog(597).wav,dog,0.21
dog(598).wav,dog,0.22
dog(599).wav,dog,0.19
dog(6).wav,dog,4.12
dog(60).wav,dog,4
dog(600).wav,dog,0.24
dog(601).wav,dog,0.13
dog(602).wav,dog,0.2
dog(603).wav,dog,0.27
dog(604).wav,dog,0.23
dog(605).wav,dog,0.17
dog(606).wav,dog,0.15
dog(607).wav,dog,0.17
dog(608).wav,dog,0.2
dog(609).wav,dog,0.29
dog(61).wav,dog,4
dog(610).wav,dog,0.2
dog(611).wav,dog,0.2
dog(612).wav,dog,0.2
dog(613).wav,dog,0.17
dog(614).wav,dog,0.19
dog(615).wav,dog,0.15
dog(616).wav,dog,0.2
dog(617).wav,dog,0.2
dog(618).wav,dog,0.18
dog(619).wav,dog,0.23
dog(62).wav,dog,4
dog(620).wav,dog,0.31
dog(621).wav,dog,0.49
dog(622).wav,dog,0.23
dog(623).wav,dog,0.22
dog(624).wav,dog,0.19
dog(625).wav,dog,0.23
dog(626).wav,dog,0.24
dog(627).wav,dog,0.2
dog(628).wav,dog,0.25
dog(629).wav,dog,0.2
dog(63).wav,dog,4
dog(630).wav,dog,0.27
dog(631).wav,dog,0.49
dog(632).wav,dog,0.22
dog(633).wav,dog,0.25
dog(634).wav,dog,0.2
dog(635).wav,dog,0.17
dog(636).wav,dog,0.21
dog(637).wav,dog,0.19
dog(638).wav,dog,0.2
dog(639).wav,dog,0.19
dog(64).wav,dog,0.79
dog(640).wav,dog,0.23
dog(641).wav,dog,0.15
dog(642).wav,dog,0.18
dog(643).wav,dog,0.23
dog(644).wav,dog,0.22
dog(645).wav,dog,0.21
dog(646).wav,dog,0.23
dog(647).wav,dog,0.3
dog(648).wav,dog,0.22
dog(649).wav,dog,0.25
dog(65).wav,dog,4
dog(650).wav,dog,0.2
dog(651).wav,dog,0.4
dog(652).wav,dog,0.2
dog(653).wav,dog,0.22
dog(654).wav,dog,0.58
dog(655).wav,dog,0.23
dog(656).wav,dog,0.2
dog(657).wav,dog,0.36
dog(658).wav,dog,5
dog(659).wav,dog,5
dog(66).wav,dog,4
dog(660).wav,dog,3
dog(661).wav,dog,5
dog(662).wav,dog,5
dog(663).wav,dog,2.49
dog(664).wav,dog,3
dog(665).wav,dog,6.64
dog(666).wav,dog,9.3
dog(667).wav,dog,8.14
dog(668).wav,dog,5.27
dog(669).wav,dog,4.89
dog(67).wav,dog,4
dog(670).wav,dog,4.07
dog(671).wav,dog,3.09
dog(672).wav,dog,11.9
dog(673).wav,dog,8.21
dog(674).wav,dog,8.68
dog(675).wav,dog,11.77
dog(676).wav,dog,15.13
dog(677).wav,dog,6.86
dog(678).wav,dog,3.42
dog(679).wav,dog,2.97
dog(68).wav,dog,4
dog(680).wav,dog,2.63
dog(681).wav,dog,3.86
dog(682).wav,dog,2.59
dog(683).wav,dog,6.78
dog(684).wav,dog,6.17
dog(685).wav,dog,3.62
dog(686).wav,dog,2.15
dog(687).wav,dog,1.93
dog(688).wav,dog,2.71
dog(689).wav,dog,2.9
dog(69).wav,dog,0.44
dog(690).wav,dog,4.69
dog(691).wav,dog,2.53
dog(692).wav,dog,3.84
dog(693).wav,dog,2.25
dog(694).wav,dog,6.33
dog(695).wav,dog,4.49
dog(696).wav,dog,3.06
dog(697).wav,dog,2.61
dog(698).wav,dog,3.82
dog(699).wav,dog,7.29
dog(7).wav,dog,0.91
dog(70).wav,dog,0.6
dog(700).wav,dog,2.31
dog(701).wav,dog,3.21
dog(702).wav,dog,3.96
dog(703).wav,dog,3.9
dog(704).wav,dog,2.56
dog(705).wav,dog,5.07
dog(706).wav,dog,4.16
dog(707).wav,dog,3.88
dog(708).wav,dog,5.49
dog(709).wav,dog,3.26
dog(71).wav,dog,4
dog(710).wav,dog,1.88
dog(711).wav,dog,2.59
dog(712).wav,dog,1.99
dog(713).wav,dog,2.54
dog(714).wav,dog,4.46
dog(715).wav,dog,3.17
dog(716).wav,dog,2.92
dog(717).wav,dog,2.76
dog(718).wav,dog,0.29
dog(719).wav,dog,2.33
dog(72).wav,dog,4
dog(720).wav,dog,4.59
dog(721).wav,dog,1.93
dog(722).wav,dog,1.92
dog(723).wav,dog,1.73
dog(724).wav,dog,2.08
dog(725).wav,dog,15.72
dog(726).wav,dog,14.41
dog(727).wav,dog,0.87
dog(728).wav,dog,5.27
dog(729).wav,dog,5.3
dog(73).wav,dog,0.49
dog(730).wav,dog,5.3
dog(731).wav,dog,8.87
dog(732).wav,dog,9.53
dog(733).wav,dog,5.8
dog(734).wav,dog,8.9
dog(735).wav,dog,6.67
dog(736).wav,dog,3.3
dog(737).wav,dog,3.67
dog(738).wav,dog,10.2
dog(739).wav,dog,15.47
dog(74).wav,dog,2.96
dog(740).wav,dog,7.03
dog(741).wav,dog,7.03
dog(742).wav,dog,7.03
dog(743).wav,dog,7.03
dog(744).wav,dog,8.33
dog(745).wav,dog,8.47
dog(746).wav,dog,10.33
dog(747).wav,dog,5.8
dog(748).wav,dog,5.8
dog(749).wav,dog,5.8
dog(75).wav,dog,0.68
dog(750).wav,dog,3.53
dog(751).wav,dog,9.23
dog(752).wav,dog,9.97
dog(753).wav,dog,12.1
dog(754).wav,dog,12.1
dog(755).wav,dog,12.1
dog(756).wav,dog,7
dog(757).wav,dog,12.57
dog(758).wav,dog,12.57
dog(759).wav,dog,6
dog(76).wav,dog,1.12
dog(760).wav,dog,8.23
dog(761).wav,dog,9.57
dog(762).wav,dog,9.57
dog(763).wav,dog,11.13
dog(764).wav,dog,11.37
dog(765).wav,dog,15.33
dog(766).wav,dog,16.47
dog(767).wav,dog,9.53
dog(768).wav,dog,9.53
dog(769).wav,dog,3.37
dog(77).wav,dog,4
dog(770).wav,dog,3.33
dog(771).wav,dog,3.27
dog(772).wav,dog,3.03
dog(773).wav,dog,3.37
dog(774).wav,dog,3.3
dog(775).wav,dog,3.43
dog(776).wav,dog,1.3
dog(777).wav,dog,1.77
dog(778).wav,dog,3.43
dog(779).wav,dog,0.3
dog(78).wav,dog,4
dog(780).wav,dog,1.85
dog(781).wav,dog,0.79
dog(782).wav,dog,0.55
dog(783).wav,dog,20.19
dog(784).wav,dog,1.41
dog(785).wav,dog,1.18
dog(786).wav,dog,20.71
dog(787).wav,dog,0.84
dog(788).wav,dog,17.2
dog(789).wav,dog,11.6
dog(79).wav,dog,4
dog(790).wav,dog,11.9
dog(791).wav,dog,3.4
dog(792).wav,dog,7.2
dog(793).wav,dog,10.35
dog(794).wav,dog,7.29
dog(795).wav,dog,4.46
dog(796).wav,dog,1.02
dog(797).wav,dog,1.76
dog(798).wav,dog,2.49
dog(799).wav,dog,9.3
dog(8).wav,dog,7.67
dog(80).wav,dog,4
dog(800).wav,dog,3.1
dog(801).wav,dog,5.27
dog(802).wav,dog,4.89
dog(803).wav,dog,4.89
dog(804).wav,dog,4.07
dog(805).wav,dog,3.09
dog(806).wav,dog,13.01
dog(807).wav,dog,3.93
dog(808).wav,dog,8.21
dog(809).wav,dog,8.68
dog(81).wav,dog,0.44
dog(810).wav,dog,2.83
dog(811).wav,dog,11.77
dog(812).wav,dog,7.5
dog(813).wav,dog,15
dog(814).wav,dog,9.07
dog(815).wav,dog,1.97
dog(816).wav,dog,15.13
dog(817).wav,dog,6.86
dog(818).wav,dog,3.42
dog(819).wav,dog,2.97
dog(82).wav,dog,4
dog(820).wav,dog,2.63
dog(821).wav,dog,3.86
dog(822).wav,dog,3.76
dog(823).wav,dog,2.59
dog(824).wav,dog,6.78
dog(825).wav,dog,6.17
dog(826).wav,dog,3.62
dog(827).wav,dog,2.15
dog(828).wav,dog,1.93
dog(829).wav,dog,2.71
dog(83).wav,dog,4
dog(830).wav,dog,2.9
dog(831).wav,dog,3.11
dog(832).wav,dog,4.21
dog(833).wav,dog,4.52
dog(834).wav,dog,5.92
dog(835).wav,dog,4.69
dog(836).wav,dog,4
dog(837).wav,dog,3.38
dog(838).wav,dog,2.53
dog(839).wav,dog,3.84
dog(84).wav,dog,4
dog(840).wav,dog,2.25
dog(841).wav,dog,6.33
dog(842).wav,dog,3.79
dog(843).wav,dog,4.49
dog(844).wav,dog,3.06
dog(845).wav,dog,2.61
dog(846).wav,dog,3.82
dog(847).wav,dog,3.72
dog(848).wav,dog,2.31
dog(849).wav,dog,3.21
dog(85).wav,dog,4
dog(850).wav,dog,3.58
dog(851).wav,dog,3.96
dog(852).wav,dog,3.47
dog(853).wav,dog,3.9
dog(854).wav,dog,2.81
dog(855).wav,dog,2.56
dog(856).wav,dog,5.07
dog(857).wav,dog,4.16
dog(858).wav,dog,3.88
dog(859).wav,dog,5.49
dog(86).wav,dog,0.77
dog(860).wav,dog,3.26
dog(861).wav,dog,2.25
dog(862).wav,dog,1.88
dog(863).wav,dog,2.59
dog(864).wav,dog,1.99
dog(865).wav,dog,2.54
dog(866).wav,dog,4.31
dog(867).wav,dog,4.46
dog(868).wav,dog,3.17
dog(869).wav,dog,2.92
dog(87).wav,dog,0.52
dog(870).wav,dog,3.29
dog(871).wav,dog,2.76
dog(872).wav,dog,2.33
dog(873).wav,dog,4.59
dog(874).wav,dog,1.93
dog(875).wav,dog,1.92
dog(876).wav,dog,1.73
dog(877).wav,dog,1.59
dog(878).wav,dog,11.5
dog(879).wav,dog,12
dog(88).wav,dog,1.83
dog(880).wav,dog,11.3
dog(881).wav,dog,9.4
dog(882).wav,dog,7.33
dog(883).wav,dog,2.08
dog(884).wav,dog,11.88
dog(885).wav,dog,15.72
dog(886).wav,dog,6.13
dog(887).wav,dog,10.54
dog(888).wav,dog,1.85
dog(889).wav,dog,3
dog(89).wav,dog,0.75
dog(890).wav,dog,2.16
dog(891).wav,dog,1.32
dog(892).wav,dog,10.26
dog(893).wav,dog,2.47
dog(894).wav,dog,6.64
dog(895).wav,dog,17
dog(896).wav,dog,10.4
dog(897).wav,dog,7.41
dog(898).wav,dog,8.14
dog(899).wav,dog,2.1
dog(9).wav,dog,23.83
dog(90).wav,dog,0.73
dog(900).wav,dog,4.86
dog(901).wav,dog,1.56
dog(902).wav,dog,1.16
dog(903).wav,dog,3.75
dog(904).wav,dog,10.07
dog(905).wav,dog,4.5
dog(91).wav,dog,1.2
dog(92).wav,dog,1.2
dog(93).wav,dog,4
dog(94).wav,dog,4
dog(95).wav,dog,4
dog(96).wav,dog,2.59
dog(97).wav,dog,0.29
dog(98).wav,dog,4
dog(99).wav,dog,4
Human(1).wav,human,1.43
Human(10).wav,human,1.79
Human(100).wav,human,2.04
Human(101).wav,human,1.7
Human(102).wav,human,2.02
Human(103).wav,human,1.48
Human(104).wav,human,1.78
Human(105).wav,human,1.65
Human(106).wav,human,2.08
Human(107).wav,human,1.56
Human(108).wav,human,2.03
Human(109).wav,human,1.51
Human(11).wav,human,1.69
Human(110).wav,human,1.96
Human(111).wav,human,1.36
Human(112).wav,human,2
Human(113).wav,human,1.67
Human(114).wav,human,2.03
Human(115).wav,human,1.44
Human(116).wav,human,1.82
Human(117).wav,human,1.6
Human(118).wav,human,1.89
Human(119).wav,human,1.55
Human(12).wav,human,1.9
Human(120).wav,human,1.89
Human(121).wav,human,1.47
Human(122).wav,human,1.79
Human(123).wav,human,1.56
Human(124).wav,human,1.93
Human(125).wav,human,1.61
Human(126).wav,human,2.04
Human(127).wav,human,1.73
Human(128).wav,human,2.11
Human(129).wav,human,1.55
Human(13).wav,human,1.46
Human(130).wav,human,2.1
Human(131).wav,human,1.6
Human(132).wav,human,2.09
Human(133).wav,human,1.71
Human(134).wav,human,1.86
Human(135).wav,human,1.56
Human(136).wav,human,1.91
Human(137).wav,human,1.44
Human(138).wav,human,1.84
Human(139).wav,human,1.65
Human(14).wav,human,2
Human(140).wav,human,2.2
Human(141).wav,human,1.5
Human(142).wav,human,2.24
Human(143).wav,human,1.66
Human(144).wav,human,1.91
Human(145).wav,human,1.49
Human(146).wav,human,1.86
Human(147).wav,human,1.8
Human(148).wav,human,1.98
Human(149).wav,human,1.67
Human(15).wav,human,1.49
Human(150).wav,human,1.97
Human(151).wav,human,1.66
Human(152).wav,human,1.87
Human(153).wav,human,1.62
Human(154).wav,human,2.09
Human(155).wav,human,1.52
Human(156).wav,human,1.92
Human(157).wav,human,1.68
Human(158).wav,human,2.25
Human(159).wav,human,1.41
Human(16).wav,human,2.04
Human(160).wav,human,2.01
Human(161).wav,human,1.63
Human(162).wav,human,1.98
Human(163).wav,human,1.62
Human(164).wav,human,1.86
Human(165).wav,human,1.6
Human(166).wav,human,2.03
Human(167).wav,human,1.68
Human(168).wav,human,2.01
Human(169).wav,human,1.72
Human(17).wav,human,1.63
Human(170).wav,human,1.98
Human(171).wav,human,1.7
Human(172).wav,human,2.09
Human(173).wav,human,1.68
Human(174).wav,human,2.11
Human(175).wav,human,1.61
Human(176).wav,human,1.93
Human(177).wav,human,1.56
Human(178).wav,human,2.07
Human(179).wav,human,1.61
Human(18).wav,human,2.05
Human(180).wav,human,1.97
Human(181).wav,human,1.63
Human(182).wav,human,1.94
Human(183).wav,human,1.68
Human(184).wav,human,2.07
Human(185).wav,human,1.62
Human(186).wav,human,1.98
Human(187).wav,human,1.7
Human(188).wav,human,2.08
Human(189).wav,human,1.51
Human(19).wav,human,1.7
Human(190).wav,human,1.88
Human(191).wav,human,1.53
Human(192).wav,human,1.9
Human(193).wav,human,1.53
Human(194).wav,human,1.79
Human(195).wav,human,1.48
Human(196).wav,human,1.9
Human(197).wav,human,1.57
Human(198).wav,human,1.94
Human(199).wav,human,1.51
Human(2).wav,human,1.74
Human(20).wav,human,2.15
Human(200).wav,human,1.86
Human(201).wav,human,1.39
Human(202).wav,human,2.18
Human(203).wav,human,1.65
Human(204).wav,human,2.17
Human(205).wav,human,1.46
Human(206).wav,human,2.03
Human(207).wav,human,1.54
Human(208).wav,human,2.14
Human(209).wav,human,1.52
Human(21).wav,human,1.6
Human(210).wav,human,2.02
Human(211).wav,human,1.68
Human(212).wav,human,1.95
Human(213).wav,human,1.62
Human(214).wav,human,2.15
Human(215).wav,human,1.43
Human(216).wav,human,2.04
Human(217).wav,human,1.58
Human(218).wav,human,2.02
Human(219).wav,human,1.55
Human(22).wav,human,2.02
Human(220).wav,human,1.93
Human(221).wav,human,1.51
Human(222).wav,human,2.11
Human(223).wav,human,1.55
Human(224).wav,human,2.1
Human(225).wav,human,1.63
Human(226).wav,human,2.31
Human(227).wav,human,1.49
Human(228).wav,human,2.04
Human(229).wav,human,1.58
Human(23).wav,human,1.61
Human(230).wav,human,2.16
Human(231).wav,human,1.68
Human(232).wav,human,1.97
Human(233).wav,human,1.58
Human(234).wav,human,2.06
Human(235).wav,human,1.61
Human(236).wav,human,2.09
Human(237).wav,human,1.61
Human(238).wav,human,2.05
Human(239).wav,human,1.58
Human(24).wav,human,2.08
Human(240).wav,human,1.98
Human(241).wav,human,1.38
Human(242).wav,human,2
Human(243).wav,human,1.48
Human(244).wav,human,1.97
Human(245).wav,human,1.6
Human(246).wav,human,2.07
Human(247).wav,human,1.57
Human(248).wav,human,2
Human(249).wav,human,1.51
Human(25).wav,human,1.4
Human(250).wav,human,2.1
Human(251).wav,human,1.63
Human(252).wav,human,2.15
Human(253).wav,human,1.54
Human(254).wav,human,2.16
Human(255).wav,human,1.61
Human(256).wav,human,2.02
Human(257).wav,human,1.53
Human(258).wav,human,1.94
Human(259).wav,human,1.69
Human(26).wav,human,1.84
Human(260).wav,human,1.92
Human(261).wav,human,1.53
Human(262).wav,human,2.12
Human(263).wav,human,1.74
Human(264).wav,human,1.97
Human(265).wav,human,1.57
Human(266).wav,human,2.08
Human(267).wav,human,1.54
Human(268).wav,human,1.97
Human(269).wav,human,1.86
Human(27).wav,human,1.45
Human(270).wav,human,2.21
Human(271).wav,human,1.37
Human(272).wav,human,2.1
Human(273).wav,human,1.72
Human(274).wav,human,2.1
Human(275).wav,human,1.65
Human(276).wav,human,2.09
Human(277).wav,human,1.47
Human(278).wav,human,1.98
Human(279).wav,human,1.67
Human(28).wav,human,1.79
Human(280).wav,human,1.98
Human(281).wav,human,1.7
Human(282).wav,human,2.07
Human(283).wav,human,1.76
Human(284).wav,human,2.2
Human(285).wav,human,1.41
Human(286).wav,human,1.99
Human(287).wav,human,1.49
Human(288).wav,human,1.98
Human(289).wav,human,1.68
Human(29).wav,human,1.65
Human(290).wav,human,2.07
Human(291).wav,human,1.53
Human(292).wav,human,1.97
Human(293).wav,human,1.68
Human(294).wav,human,2.03
Human(295).wav,human,1.66
Human(296).wav,human,1.81
Human(297).wav,human,1.6
Human(298).wav,human,2.01
Human(299).wav,human,1.4
Human(3).wav,human,1.33
Human(30).wav,human,2.04
Human(300).wav,human,2.1
Human(301).wav,human,1.59
Human(302).wav,human,2.16
Human(303).wav,human,1.7
Human(304).wav,human,1.9
Human(305).wav,human,1.59
Human(306).wav,human,2.12
Human(307).wav,human,1.74
Human(308).wav,human,2.06
Human(309).wav,human,1.52
Human(31).wav,human,1.68
Human(310).wav,human,2.06
Human(311).wav,human,1.37
Human(312).wav,human,1.94
Human(313).wav,human,1.67
Human(314).wav,human,2.02
Human(315).wav,human,1.43
Human(316).wav,human,1.94
Human(317).wav,human,1.46
Human(318).wav,human,2.01
Human(319).wav,human,1.52
Human(32).wav,human,2.02
Human(320).wav,human,2.22
Human(321).wav,human,1.68
Human(322).wav,human,1.83
Human(323).wav,human,1.61
Human(324).wav,human,2.08
Human(325).wav,human,1.63
Human(326).wav,human,2.03
Human(327).wav,human,1.57
Human(328).wav,human,2.12
Human(329).wav,human,1.38
Human(33).wav,human,1.62
Human(330).wav,human,2.2
Human(331).wav,human,1.51
Human(332).wav,human,1.91
Human(333).wav,human,1.59
Human(334).wav,human,1.99
Human(335).wav,human,1.63
Human(336).wav,human,2.03
Human(337).wav,human,1.34
Human(338).wav,human,1.69
Human(339).wav,human,1.65
Human(34).wav,human,2
Human(340).wav,human,2.01
Human(341).wav,human,1.5
Human(342).wav,human,1.92
Human(343).wav,human,1.51
Human(344).wav,human,1.83
Human(345).wav,human,1.47
Human(346).wav,human,1.96
Human(347).wav,human,1.5
Human(348).wav,human,2.01
Human(349).wav,human,1.49
Human(35).wav,human,1.53
Human(350).wav,human,1.86
Human(351).wav,human,1.59
Human(352).wav,human,2.12
Human(353).wav,human,1.54
Human(354).wav,human,2.13
Human(355).wav,human,1.55
Human(356).wav,human,1.98
Human(357).wav,human,1.58
Human(358).wav,human,1.89
Human(359).wav,human,1.59
Human(36).wav,human,1.94
Human(360).wav,human,2.02
Human(361).wav,human,1.8
Human(362).wav,human,2.19
Human(363).wav,human,1.56
Human(364).wav,human,1.99
Human(365).wav,human,1.53
Human(366).wav,human,2.01
Human(367).wav,human,1.64
Human(368).wav,human,1.93
Human(369).wav,human,1.43
Human(37).wav,human,1.49
Human(370).wav,human,2.12
Human(371).wav,human,1.29
Human(372).wav,human,1.95
Human(373).wav,human,1.48
Human(374).wav,human,1.94
Human(375).wav,human,1.7
Human(376).wav,human,2.15
Human(377).wav,human,1.6
Human(378).wav,human,2.14
Human(379).wav,human,1.51
Human(38).wav,human,2.07
Human(380).wav,human,1.98
Human(381).wav,human,1.63
Human(382).wav,human,2.16
Human(383).wav,human,1.55
Human(384).wav,human,1.98
Human(385).wav,human,1.54
Human(386).wav,human,1.98
Human(387).wav,human,1.58
Human(388).wav,human,2.07
Human(389).wav,human,2.03
Human(39).wav,human,1.57
Human(390).wav,human,1.91
Human(391).wav,human,2.11
Human(392).wav,human,1.95
Human(393).wav,human,2.06
Human(394).wav,human,1.88
Human(395).wav,human,2.24
Human(396).wav,human,1.87
Human(397).wav,human,1.71
Human(398).wav,human,1.89
Human(399).wav,human,2.13
Human(4).wav,human,1.63
Human(40).wav,human,1.89
Human(400).wav,human,1.9
Human(401).wav,human,1.98
Human(402).wav,human,1.9
Human(403).wav,human,1.69
Human(404).wav,human,1.87
Human(405).wav,human,2.16
Human(406).wav,human,1.88
Human(407).wav,human,2.02
Human(408).wav,human,2.01
Human(409).wav,human,2.03
Human(41).wav,human,1.46
Human(410).wav,human,1.97
Human(411).wav,human,1.63
Human(412).wav,human,1.79
Human(413).wav,human,2.16
Human(414).wav,human,1.88
Human(415).wav,human,2.1
Human(416).wav,human,1.98
Human(417).wav,human,2.22
Human(418).wav,human,2.22
Human(419).wav,human,2.37
Human(42).wav,human,2.13
Human(420).wav,human,2.01
Human(421).wav,human,2.17
Human(422).wav,human,1.92
Human(423).wav,human,1.99
Human(424).wav,human,1.89
Human(425).wav,human,1.83
Human(426).wav,human,1.94
Human(427).wav,human,2.37
Human(428).wav,human,1.93
Human(429).wav,human,2.25
Human(43).wav,human,1.48
Human(430).wav,human,2
Human(431).wav,human,2.22
Human(432).wav,human,1.98
Human(433).wav,human,2.26
Human(434).wav,human,1.79
Human(435).wav,human,1.87
Human(436).wav,human,1.89
Human(437).wav,human,2.09
Human(438).wav,human,1.85
Human(439).wav,human,2.22
Human(44).wav,human,1.93
Human(440).wav,human,1.82
Human(441).wav,human,2.2
Human(442).wav,human,1.82
Human(443).wav,human,2.01
Human(444).wav,human,1.84
Human(445).wav,human,1.89
Human(446).wav,human,1.81
Human(447).wav,human,1.96
Human(448).wav,human,1.86
Human(449).wav,human,1.75
Human(45).wav,human,1.65
Human(450).wav,human,1.84
Human(451).wav,human,2.12
Human(452).wav,human,1.82
Human(453).wav,human,2.3
Human(454).wav,human,1.9
Human(455).wav,human,2.38
Human(456).wav,human,1.98
Human(457).wav,human,2.17
Human(458).wav,human,1.96
Human(459).wav,human,2.05
Human(46).wav,human,1.84
Human(460).wav,human,2.06
Human(461).wav,human,1.82
Human(462).wav,human,1.81
Human(463).wav,human,1.87
Human(464).wav,human,1.87
Human(465).wav,human,1.78
Human(466).wav,human,1.79
Human(467).wav,human,2.14
Human(468).wav,human,1.94
Human(469).wav,human,1.84
Human(47).wav,human,1.61
Human(470).wav,human,1.96
Human(471).wav,human,2.15
Human(472).wav,human,2.13
Human(473).wav,human,2.5
Human(474).wav,human,1.94
Human(475).wav,human,2.13
Human(476).wav,human,1.95
Human(477).wav,human,1.91
Human(478).wav,human,1.76
Human(479).wav,human,2.32
Human(48).wav,human,1.87
Human(480).wav,human,2.15
Human(481).wav,human,2.32
Human(482).wav,human,2.2
Human(484).wav,human,1.93
Human(485).wav,human,2.33
Human(486).wav,human,1.97
Human(487).wav,human,2.19
Human(488).wav,human,1.92
Human(489).wav,human,2.03
Human(49).wav,human,1.68
Human(490).wav,human,1.84
Human(491).wav,human,2.12
Human(492).wav,human,1.8
Human(493).wav,human,1.99
Human(494).wav,human,1.96
Human(495).wav,human,2.08
Human(496).wav,human,1.85
Human(497).wav,human,2.22
Human(498).wav,human,1.76
Human(499).wav,human,2.1
Human(5).wav,human,1.67
Human(50).wav,human,1.89
Human(500).wav,human,1.93
Human(501).wav,human,2.05
Human(502).wav,human,1.98
Human(503).wav,human,2.1
Human(504).wav,human,1.92
Human(505).wav,human,2.45
Human(506).wav,human,2.01
Human(507).wav,human,2.24
Human(508).wav,human,2.11
Human(509).wav,human,2.07
Human(51).wav,human,1.43
Human(510).wav,human,1.84
Human(511).wav,human,2.12
Human(512).wav,human,1.85
Human(513).wav,human,2
Human(514).wav,human,1.84
Human(515).wav,human,1.77
Human(516).wav,human,1.77
Human(517).wav,human,1.89
Human(518).wav,human,1.83
Human(519).wav,human,2.14
Human(52).wav,human,2.05
Human(520).wav,human,1.97
Human(521).wav,human,1.97
Human(522).wav,human,1.86
Human(523).wav,human,2.01
Human(524).wav,human,1.84
Human(525).wav,human,2.15
Human(526).wav,human,2.09
Human(527).wav,human,2.34
Human(528).wav,human,2.16
Human(529).wav,human,2.08
Human(53).wav,human,1.55
Human(530).wav,human,1.81
Human(531).wav,human,2.21
Human(532).wav,human,1.96
Human(533).wav,human,1.95
Human(534).wav,human,1.83
Human(535).wav,human,2.22
Human(536).wav,human,1.97
Human(537).wav,human,2.26
Human(538).wav,human,1.87
Human(539).wav,human,2.12
Human(54).wav,human,2.05
Human(540).wav,human,1.91
Human(541).wav,human,2.01
Human(542).wav,human,1.99
Human(543).wav,human,1.9
Human(544).wav,human,1.83
Human(545).wav,human,2
Human(546).wav,human,1.77
Human(547).wav,human,2.01
Human(548).wav,human,1.88
Human(549).wav,human,2.1
Human(55).wav,human,1.65
Human(550).wav,human,1.83
Human(551).wav,human,1.78
Human(552).wav,human,1.81
Human(553).wav,human,2.26
Human(554).wav,human,1.97
Human(555).wav,human,2.28
Human(556).wav,human,2.08
Human(557).wav,human,2.27
Human(558).wav,human,2.02
Human(559).wav,human,2.12
Human(56).wav,human,2.16
Human(560).wav,human,1.76
Human(561).wav,human,2.04
Human(562).wav,human,2
Human(563).wav,human,1.89
Human(564).wav,human,1.82
Human(565).wav,human,2.01
Human(566).wav,human,2.05
Human(567).wav,human,2.16
Human(568).wav,human,1.99
Human(569).wav,human,2.16
Human(57).wav,human,1.69
Human(570).wav,human,2.03
Human(571).wav,human,2.21
Human(572).wav,human,2.02
Human(573).wav,human,2.36
Human(574).wav,human,2.2
Human(575).wav,human,1.99
Human(576).wav,human,1.87
Human(577).wav,human,1.99
Human(578).wav,human,1.79
Human(579).wav,human,2.04
Human(58).wav,human,2.05
Human(580).wav,human,1.87
Human(581).wav,human,2.17
Human(582).wav,human,1.98
Human(583).wav,human,2.13
Human(584).wav,human,2.07
Human(585).wav,human,2.33
Human(586).wav,human,2
Human(587).wav,human,2.11
Human(588).wav,human,2.24
Human(589).wav,human,1.85
Human(59).wav,human,1.63
Human(590).wav,human,1.81
Human(591).wav,human,2.09
Human(592).wav,human,1.77
Human(593).wav,human,2.13
Human(594).wav,human,1.87
Human(595).wav,human,1.92
Human(596).wav,human,1.76
Human(597).wav,human,2.01
Human(598).wav,human,1.81
Human(599).wav,human,2.01
Human(6).wav,human,2.09
Human(60).wav,human,1.97
Human(600).wav,human,1.78
Human(601).wav,human,2.1
Human(602).wav,human,2.01
Human(603).wav,human,2.28
Human(604).wav,human,2.11
Human(605).wav,human,2.09
Human(606).wav,human,1.81
Human(607).wav,human,2.21
Human(608).wav,human,2.04
Human(609).wav,human,2.04
Human(61).wav,human,1.54
Human(610).wav,human,1.9
Human(611).wav,human,2.07
Human(612).wav,human,1.95
Human(613).wav,human,2.11
Human(614).wav,human,2.04
Human(615).wav,human,2.25
Human(616).wav,human,2.09
Human(617).wav,human,2.14
Human(618).wav,human,1.94
Human(619).wav,human,2.11
Human(62).wav,human,1.96
Human(620).wav,human,1.89
Human(621).wav,human,1.96
Human(622).wav,human,1.96
Human(623).wav,human,2.18
Human(624).wav,human,1.9
Human(625).wav,human,2.25
Human(626).wav,human,2.07
Human(627).wav,human,2.06
Human(628).wav,human,1.87
Human(629).wav,human,1.98
Human(63).wav,human,1.55
Human(630).wav,human,1.91
Human(631).wav,human,2.22
Human(632).wav,human,2.14
Human(633).wav,human,2.27
Human(634).wav,human,1.98
Human(635).wav,human,2.05
Human(636).wav,human,1.93
Human(637).wav,human,2.06
Human(638).wav,human,2
Human(639).wav,human,2.18
Human(64).wav,human,1.98
Human(640).wav,human,1.91
Human(641).wav,human,2.02
Human(642).wav,human,1.77
Human(643).wav,human,1.92
Human(644).wav,human,1.76
Human(645).wav,human,2.01
Human(646).wav,human,1.78
Human(647).wav,human,2.1
Human(648).wav,human,1.82
Human(649).wav,human,2.31
Human(65).wav,human,1.43
Human(650).wav,human,2.01
Human(651).wav,human,2.05
Human(652).wav,human,1.97
Human(653).wav,human,2.35
Human(654).wav,human,2
Human(655).wav,human,2.06
Human(656).wav,human,2.04
Human(657).wav,human,2.25
Human(658).wav,human,1.75
Human(659).wav,human,2.1
Human(66).wav,human,1.98
Human(660).wav,human,1.96
Human(661).wav,human,2.2
Human(662).wav,human,1.91
Human(663).wav,human,1.95
Human(664).wav,human,1.96
Human(665).wav,human,2.25
Human(666).wav,human,2.02
Human(667).wav,human,2.12
Human(668).wav,human,2.07
Human(669).wav,human,2.21
Human(67).wav,human,1.51
Human(670).wav,human,2.03
Human(671).wav,human,2.04
Human(672).wav,human,1.87
Human(673).wav,human,2.15
Human(674).wav,human,1.87
Human(675).wav,human,2.26
Human(676).wav,human,2.08
Human(677).wav,human,2.05
Human(678).wav,human,1.89
Human(679).wav,human,2.09
Human(68).wav,human,2.04
Human(680).wav,human,1.92
Human(681).wav,human,2.21
Human(682).wav,human,2.09
Human(683).wav,human,2.37
Human(684).wav,human,2.22
Human(685).wav,human,2.07
Human(686).wav,human,1.86
Human(687).wav,human,2.03
Human(688).wav,human,1.95
Human(689).wav,human,2.15
Human(69).wav,human,1.56
Human(690).wav,human,1.95
Human(691).wav,human,2.18
Human(692).wav,human,2
Human(693).wav,human,2.09
Human(694).wav,human,2.02
Human(695).wav,human,2.12
Human(696).wav,human,2.07
Human(697).wav,human,2.13
Human(698).wav,human,1.98
Human(699).wav,human,2.09
Human(7).wav,human,1.53
Human(70).wav,human,1.82
Human(700).wav,human,1.95
Human(701).wav,human,2.24
Human(702).wav,human,1.98
Human(703).wav,human,2.23
Human(704).wav,human,2.08
Human(705).wav,human,2.1
Human(706).wav,human,1.9
Human(707).wav,human,2.13
Human(708).wav,human,2.02
Human(709).wav,human,2.22
Human(71).wav,human,1.6
Human(710).wav,human,2.09
Human(711).wav,human,2.02
Human(712).wav,human,1.82
Human(713).wav,human,2.07
Human(714).wav,human,2.09
Human(715).wav,human,2.03
Human(716).wav,human,1.75
Human(717).wav,human,2.15
Human(718).wav,human,2
Human(719).wav,human,2.27
Human(72).wav,human,1.86
Human(720).wav,human,2.06
Human(721).wav,human,2.33
Human(722).wav,human,1.95
Human(723).wav,human,2.17
Human(724).wav,human,2.13
Human(725).wav,human,2.13
Human(726).wav,human,1.98
Human(727).wav,human,2.2
Human(728).wav,human,1.97
Human(729).wav,human,2.21
Human(73).wav,human,1.59
Human(730).wav,human,1.78
Human(731).wav,human,2.14
Human(732).wav,human,1.91
Human(733).wav,human,2.1
Human(734).wav,human,1.97
Human(735).wav,human,2.18
Human(736).wav,human,2.01
Human(737).wav,human,2.07
Human(738).wav,human,1.83
Human(739).wav,human,1.99
Human(74).wav,human,2.09
Human(740).wav,human,2.03
Human(741).wav,human,2.18
Human(742).wav,human,1.82
Human(743).wav,human,1.98
Human(744).wav,human,1.79
Human(745).wav,human,2.26
Human(746).wav,human,1.73
Human(747).wav,human,2.22
Human(748).wav,human,1.86
Human(749).wav,human,2.18
Human(75).wav,human,1.53
Human(750).wav,human,1.93
Human(751).wav,human,2.44
Human(752).wav,human,1.98
Human(753).wav,human,2.18
Human(754).wav,human,2.14
Human(755).wav,human,2.11
Human(756).wav,human,2
Human(757).wav,human,2.34
Human(758).wav,human,1.96
Human(759).wav,human,2.33
Human(76).wav,human,2.09
Human(760).wav,human,2.13
Human(761).wav,human,2.17
Human(762).wav,human,2.12
Human(763).wav,human,1.96
Human(764).wav,human,1.76
Human(765).wav,human,2.03
Human(766).wav,human,2.08
Human(767).wav,human,2.02
Human(768).wav,human,1.95
Human(769).wav,human,2.15
Human(77).wav,human,1.59
Human(770).wav,human,2.08
Human(771).wav,human,2.01
Human(772).wav,human,1.93
Human(773).wav,human,2.24
Human(774).wav,human,2.04
Human(775).wav,human,2.19
Human(776).wav,human,2.06
Human(777).wav,human,2.07
Human(778).wav,human,2.08
Human(779).wav,human,2.2
Human(78).wav,human,1.77
Human(780).wav,human,2.08
Human(781).wav,human,2.07
Human(782).wav,human,2.09
Human(783).wav,human,1.99
Human(784).wav,human,2.18
Human(785).wav,human,2.1
Human(786).wav,human,1.83
Human(787).wav,human,2.41
Human(788).wav,human,2.11
Human(789).wav,human,1.54
Human(79).wav,human,1.65
Human(790).wav,human,2
Human(791).wav,human,1.62
Human(792).wav,human,2
Human(793).wav,human,1.54
Human(794).wav,human,2.03
Human(795).wav,human,1.61
Human(796).wav,human,2.04
Human(797).wav,human,1.4
Human(798).wav,human,1.87
Human(799).wav,human,1.55
Human(8).wav,human,1.9
Human(80).wav,human,2.19
Human(800).wav,human,2.01
Human(81).wav,human,1.69
Human(82).wav,human,2.09
Human(83).wav,human,1.48
Human(84).wav,human,2.19
Human(85).wav,human,1.64
Human(86).wav,human,1.88
Human(87).wav,human,1.57
Human(88).wav,human,1.92
Human(89).wav,human,1.52
Human(9).wav,human,1.43
Human(90).wav,human,1.97
Human(91).wav,human,1.49
Human(92).wav,human,1.91
Human(93).wav,human,1.53
Human(94).wav,human,1.83
Human(95).wav,human,1.54
Human(96).wav,human,1.97
Human(97).wav,human,1.7
Human(98).wav,human,2.16
Human(99).wav,human,1.5
